{
  "span_mean": {
    "mean": 0.6195923744127567,
    "std": 0.7892594327472027,
    "p25": 0.0,
    "p50": 0.35382955771305286,
    "p75": 1.0038910505836576
  },
  "span_std": {
    "mean": 0.5811914967159868,
    "std": 0.6763256534987439,
    "p25": 0.0,
    "p50": 0.5678209133371194,
    "p75": 0.892606804740002
  },
  "jump_mean": {
    "mean": 1.1542807208467503,
    "std": 0.7055553407070669,
    "p25": 0.7026666666666667,
    "p50": 1.1323529411764706,
    "p75": 1.6611570247933884
  },
  "jump_p75": {
    "mean": 1.7,
    "std": 1.2018504251546631,
    "p25": 1.0,
    "p50": 2.0,
    "p75": 2.0
  },
  "fret_mean": {
    "mean": 7.042053531194079,
    "std": 3.9504679596019776,
    "p25": 3.8316831683168315,
    "p50": 6.080735411670664,
    "p75": 10.228260869565217
  },
  "string_center_mean": {
    "mean": 3.2624893911693054,
    "std": 1.1675531118502833,
    "p25": 2.2459016393442623,
    "p50": 3.3076923076923075,
    "p75": 4.418015102481122
  },
  "disc_rate": {
    "mean": 0.05072917558619117,
    "std": 0.14876447740168047,
    "p25": 0.0,
    "p50": 0.0,
    "p75": 0.012195121951219513
  },
  "_n_files": 100
}